NA,NA,NA,-4e-01+6.2e-14i,-2e-01-3.1e-14i,2e-01+1.3e-14i,0-6.96504968571543e-15i,0+3.05932132118034e-14i,-4e-01-2.71e-13i,0+1.75420635799643e-15i,0-8.58170771836054e-15i,0+1.28043671854903e-15i,0+1.44741182194844e-15i,-2e-01+2.3e-14i,0+2.86537005204364e-14i,2e-01-9e-15i,-2e-01+9e-15i,0+1.36442554754876e-14i,4e-01+2.9e-14i,-4e-01+7e-15i,4e-01-2.9e-14i,-2e-01+2.8e-14i,2e-01-2.4e-14i,-4e-01+5e-15i,2e-01-1e-15i,-2e-01-4.2e-14i,-4e-01-9e-15i,2e-01+6e-15i,0+1.17267608754699e-14i,0-1.72445383266164e-15i,0+2.13088133780038e-15i,-2e-01-8e-15i,NA,NA,NA
NA,NA,NA,-0.222005976213451+0.286470827884326i,-0.170414567805074-0.196557758879782i,0.164846843756015+0.008408932921167i,-0.0445163237892606-0.0195246510247175i,0.083701663365164+0.109925031813482i,-0.229521672115127-0.056377082567918i,0.0499252004566564-0.0808721560041855i,0.0425976186803198-0.0494789673774434i,-0.0117716780426313+0.0747738964380431i,-0.004139870225267-0.0943555808371564i,0.012051271893546+0.134070944075005i,-0.0795030650009169-0.0310363039337907i,0.18859701048161-0.005855053322733i,-0.137662789206418+0.141152187962557i,-0.02110787217114-0.229658427602143i,0.285767619282031+0.226096881776519i,-0.399282612780028-0.075986648524047i,0.402243479744801-0.012609342293844i,-0.266232232008318+0.037638431911279i,0.284037543338462-0.0116600306935i,-0.353934321296075+0.095284329243644i,0.233216760437099-0.21030440177965i,-0.016420642240893+0.296444087304315i,-0.334929771362541-0.181855140470351i,0.245012876578404-0.101649372896364i,-0.050652316732692+0.127410158159688i,-0.0072668232925336-0.0271894319055829i,0.0104094137736667+0.0206908012150675i,-0.0337213509375709-0.0136025308459716i,NA,NA,NA
NA,NA,NA,-0.099848551478215+0.354123594378593i,-0.146868055198404-0.222032703761674i,0.131241719532973+0.058296626290202i,-0.0740367079464272-0.069312724163824i,0.133593485024924+0.101518379631386i,-0.130819393085627-0.038723618847986i,-0.014046438013257-0.0197030742676972i,0.0665745713527307-0.0639272108879179i,-0.036308299496786+0.133250774655104i,-0.020686119196716-0.178401205372033i,0.118336225073192+0.224020023644123i,-0.229521939622161-0.048127593093322i,0.205738219719242-0.021302230094411i,-0.132450727722638+0.16084036866387i,-0.041318879508839-0.307014633967974i,0.27149429473118+0.288796726887959i,-0.40432583179093-0.118271797248685i,0.411464793600785+0.008506257088035i,-0.357551763524584+0.011863113949715i,0.328332219556675-0.090008430457015i,-0.302639160586493+0.188014064762024i,0.181955010551173-0.285465716570929i,0.046222281552423+0.336644321602526i,-0.321453377094046-0.203650077720801i,0.272641184883333-0.0691953109479i,-0.110934015331534+0.104184646281059i,0.0207893792636348-0.0467262134914451i,0.0199445374107375+0.0277654853596654i,0.0197476929259434-0.0662847948618079i,NA,NA,NA
NA,NA,NA,-0.005019292313779+0.335765881985408i,-0.112275751679448-0.211756372740628i,0.104815758890939+0.096522916737424i,-0.079637179556892-0.107566364438286i,0.150380527015476+0.087308947256706i,-0.083322861973257+0.150208698514864i,-0.0847229830975993-0.0107589982709449i,0.111570725158172-0.08865872624652i,-0.065025191495088+0.180196615110069i,-0.044702719558029-0.236790033498297i,0.197051192089316+0.253138628607434i,-0.283085149619115-0.124747564439609i,0.240830387698833+0.015269856860904i,-0.157012160486506+0.127512993089976i,-0.044794508525448-0.348611773458102i,0.276020773524584+0.316542278138692i,-0.412850430106178-0.116639887506051i,0.451013284583874+0.015218835503258i,-0.429212889549652-0.012924746238235i,0.354276369788903-0.133890406443794i,-0.275187002706471+0.249348768241834i,0.135380287207081-0.316469038613754i,0.092440305806555+0.33138211635833i,-0.303483687996884-0.213905678306233i,0.295057216015192-0.010225054377638i,-0.172955444493456+0.073498561103724i,0.0727786881158454-0.0316572806019995i,-0.0811367887571631-0.0412796149807272i,0.086229222479742-0.125340089917697i,NA,NA,NA
NA,NA,NA,0.072002563949057+0.221204314719286i,-0.093121538355646-0.12009953201294i,0.072167740819703+0.121325209972685i,-0.065827767973703-0.135960641153261i,0.150852326728971+0.081590945271349i,-0.053119335301094+0.126095595858352i,-0.139527778269471-0.031770845850964i,0.174212965520943-0.104105242875806i,-0.103790821118416+0.216043523121012i,-0.045806513742228-0.249547318052123i,0.195276182657673+0.287026601315456i,-0.275858151847299-0.208004083701036i,0.263384170476548+0.104176173940593i,-0.252761263974435+0.049447079370278i,0.005065924447971-0.415788860417092i,0.282702669526323+0.333030660680071i,-0.402481547160426-0.075671873501944i,0.281326315173376-0.043238312326747i,-0.444770358178044+0.017712636253587i,0.379435506823453-0.182886029203809i,-0.25718746191947+0.278787233140749i,0.117597200126928-0.314478035256838i,0.110200898651186+0.247390131030956i,-0.268558479446345-0.228404063790426i,0.303819016431782+0.033693479590661i,-0.241050181788676+0.06045691619121i,0.144329112208854-0.026174753378665i,-0.142441924578131+0.018150095955701i,0.117717966835855-0.123033337664626i,NA,NA,NA
NA,NA,NA,NA,-0.136135873094553-0.06757171028978i,-0.04745698358407+0.100157801864281i,-0.031232400880359-0.144694470287516i,0.143096091547535+0.113623233157916i,-0.0422296151501784+0.0917953576821873i,-0.176778640143734-0.058338957356175i,0.252903427098502-0.097000227507972i,-0.158311085575157+0.248001233654693i,0.031477421189295-0.300749015622389i,0.078820296145453+0.215416227288636i,-0.087104917668427-0.247940699112617i,0.252992736261507+0.213807432520809i,-0.360093276718406-0.008185039279478i,0.082128090775216-0.444728406781746i,0.286006672225516+0.346249879328129i,-0.380602736007443-0.030555088153233i,0.183318981293996-0.115074186825959i,-0.327874726203999-0.038764538230995i,0.426818652657919-0.106976656313535i,-0.240722004995403+0.26615726388978i,0.120109126931971-0.350759521355367i,-0.008736944085329+0.193460239817427i,-0.198778717163561-0.201196454222025i,0.292644625599587+0.054865122878842i,-0.279792023307494+0.098032979731291i,0.170576233217558-0.008222156772618i,-0.107800825853208-0.005976026965147i,NA,NA,NA,NA
NA,NA,NA,NA,-0.0947779969094173-0.0144338696562613i,-0.0476610274998944-0.0300537194825624i,0.020200685085559-0.110350036468478i,0.189178001831205+0.272904222063751i,-0.0791712207729249+0.0624805285771312i,-0.186528861256308-0.284648943147628i,0.318916890557846-0.046858864176246i,-0.202995698838438+0.280632098696698i,-0.055062969441411-0.368524150147645i,0.154998167365044+0.171003743196285i,-0.063710994863668-0.181431855659456i,0.210015740149263+0.310609785198802i,-0.462186862318462-0.035266302737473i,0.171241822316517-0.461489897157872i,0.288005352692072+0.352151759358354i,-0.373550256116026+0.006250278198675i,0.132356204122435-0.131154642843157i,-0.177497476837766-0.030758214375593i,0.336137934056533+0.098879352752594i,-0.24632442574145+0.189181733959106i,0.034906506621308-0.178380392175549i,0.029195404602076+0.18127042516829i,-0.159406342315069-0.132431300370207i,0.189450474005388-0.022588145379455i,-0.244233944611661+0.008361219890343i,-0.04376328271805+0.0022624447467191i,-0.0418501076334108-0.0685379413354085i,NA,NA,NA,NA
NA,NA,NA,NA,-0.0676214746719865+0.0130689395994669i,-0.0445497672655422-0.0387818969453511i,0.051676700386818-0.114205375214148i,0.234765735306918+0.173401105041145i,-0.194579017413841+0.226746741638407i,-0.076230084799677-0.291925109907642i,0.29036366308228-0.016056819896456i,-0.220868621720491+0.265369521569242i,-0.119512930062947-0.328569064753487i,0.277713991319542+0.152223895001577i,-0.0717711682006225+0.0686522662670488i,0.028955503538424+0.380484819031399i,-0.427852226515163-0.074848581897848i,0.197633413196255-0.396648640577901i,0.282897465939973+0.332101548676239i,-0.380093804840903+0.017231073947258i,0.101159248463557-0.196383563535796i,0.114190095494782-0.009933428504703i,0.183016162747975+0.190911663434054i,-0.295435452390802+0.085225038275765i,0.0962756633447-0.181187327132214i,0.031129352951097+0.170717930721327i,-0.132748250805205-0.109705801571942i,0.171859153050686+0.085322028542428i,-0.267163241238269+0.162177743071883i,-0.054593784940632-0.109387514024823i,0.0047071480067053-0.0898536927437364i,NA,NA,NA,NA
NA,NA,NA,NA,-0.0603059117166667+0.0183515482910239i,-0.0417660947379138-0.0478589115243903i,0.0403895335100614-0.0912084558788442i,0.22059803733369+0.173243321944353i,-0.213629308551853+0.145161040602505i,-0.021916060602421-0.148918159321609i,0.172003161939548-0.056719356511704i,-0.128632258731346+0.14489754291395i,-0.142572624975099-0.171655874155051i,0.197381989666523+0.014917311862695i,0.045787296784591+0.197149680744483i,-0.094370083175378+0.300254082006351i,-0.353478395710954-0.104371737303439i,0.179316291137129-0.305739003161922i,0.20572336858303+0.258129609868639i,-0.318978303012884-0.057361239818446i,0.082606720183133-0.200078560529068i,0.127023473604154+0.003252079322806i,0.118073242396504+0.15573938203229i,-0.331020502828327-0.033300582125013i,0.156953480840969-0.154536940359623i,0.023755712645552+0.167779869698141i,-0.143180169730275-0.108064063787428i,0.263043170019845+0.019884159829701i,-0.266015176154542+0.26883606118621i,-0.034208084548033-0.101291402627922i,0.0496652669617346-0.0031173625450848i,NA,NA,NA,NA
NA,NA,NA,NA,-0.0622678925057002+0.0209931074645914i,-0.0406191037049611-0.0733550570302791i,0.120189686577382-0.040018182559753i,0.125959470608934+0.243178065910111i,-0.256185798709918+0.105783831360397i,-0.145585964878785-0.234848796986474i,0.144506634779787-0.074863664348204i,-0.027818385206263+0.146137982749655i,-0.150113732637181-0.085175355752648i,0.123303004741333-0.146166481207823i,0.258489251803523+0.118640855925902i,0.074417768987833+0.303385040856792i,-0.191093435338543+0.054338352065799i,0.080622680533521-0.204943891957869i,0.057447424217112+0.250792946672643i,-0.222492414247113-0.055873656926478i,0.079627159968272-0.165938795711367i,0.110323234602051+0.034973245548757i,0.001987322092365+0.107598678072625i,-0.182392385296518-0.004802648742837i,0.142671395381085-0.059858176599947i,0.015050020704883+0.136437073502265i,-0.138879252132974-0.048900327229596i,0.217595258680141+0.013147004349314i,-0.063976117169032+0.110467123574355i,-0.0274914263859818-0.0836608047778381i,0.0702194283085049+0.003438439145648i,NA,NA,NA,NA
NA,NA,NA,NA,-0.0677294893594927+0.0318791851901963i,-0.057883143431248-0.102343042333435i,0.16037497770226-0.066963178490325i,0.089896925565153+0.218996596042136i,-0.239242923176148+0.101511832343749i,-0.102856054644517-0.220844680237131i,0.183763634110217-0.066684799108358i,0.008208561434041+0.173968203734326i,-0.181024609127523-0.035451676442287i,0.05523644920762-0.202865872941526i,0.242564719959086+0.029222292447936i,0.021559221634737+0.237179909779907i,-0.17533088514358+0.005525046433856i,0.0754023260527304-0.0845659679919526i,0.005866420520407+0.184519328192824i,-0.190953345281685-0.055994426879478i,0.081739886046944-0.133478933819005i,0.0825938915203067+0.0500716253175385i,-0.015748884212099+0.0676452398826288i,-0.0520405960436042-0.0109217161167529i,0.0504014287712756-0.0234129174300511i,0.0126818057831577+0.0654136775175i,-0.0480131543045204+0.0035451245819966i,0.0220556107133466+0.0306660441383555i,-0.0647198326483306+0.0443285445221468i,-0.0197169588378989-0.070685920230998i,0.0649459859942153+0.001497592244152i,NA,NA,NA,NA
NA,NA,NA,NA,NA,-0.082172401508871-0.128395408350205i,0.169791273006503-0.082428660999511i,0.084010341005232+0.20068677551661i,-0.213826556514526+0.08357690312327i,-0.074081203151782-0.20923480009383i,0.1975521405118-0.050914064591419i,0.020102531590459+0.192190109161298i,-0.196129658753375-0.005455387749976i,0.01752574958219-0.20619379579444i,0.213018688667738+0.014958610264987i,-0.014021732165462+0.199874368400545i,-0.160842893122806-0.039923432128531i,0.098706839410679-0.104440642124795i,0.044192587332899+0.165473780012675i,-0.18820581123847-0.034406417445568i,0.08044239133238-0.09358247649951i,0.0450720853436729+0.0324308389137711i,-0.0019603311228379+0.0369185630918638i,-0.0292579761704993+0.0078195602760362i,-0.0039405608317739-0.0187961996558698i,0.0116776208020938-0.0035562276086852i,0.0185253427095964+0.0059549869838864i,0.0034499027168795+0.0463322175350389i,-0.0664116825271141+0.0103390090337399i,-0.0048162398119322-0.0713745335631178i,NA,NA,NA,NA,NA
NA,NA,NA,NA,NA,-0.088273852846271-0.168793106923406i,0.181862394437739-0.079396390358471i,0.072444061145257+0.193420429973038i,-0.199775309679493+0.064870112679407i,-0.053984365073293-0.200164520291284i,0.197406431217908-0.039058465228792i,0.022403046379253+0.195233940856013i,-0.195031845755123+0.007851028639491i,0.002625543240832-0.194962927487756i,0.19063701430059+0.01156057530013i,-0.026460164538758+0.177403515604912i,-0.154325100380827-0.054962759967818i,0.096908169873707-0.12604508620713i,0.100516899991342+0.141073856313161i,-0.164879136477614+0.093471242779447i,-0.0515735424224103-0.023170715000188i,0.0256827302929002-0.0331722417661663i,0.0398059979496641+0.0272260501062275i,-0.0233976422421955+0.0466340139435263i,-0.0520197861361326-0.0168680641141985i,0.0108112993179555-0.058551390400004i,0.0682562057188546+0.0061637342361008i,-0.0026898028676114+0.0790442322458045i,-0.0856746319890444-0.0017769386938853i,0.0051769848460225-0.0847623929161554i,NA,NA,NA,NA,NA
NA,NA,NA,NA,NA,-0.058437354470271-0.198412007700247i,0.190810087021451-0.057726218644656i,0.052615929069615+0.189688857692548i,-0.190539444934422+0.045357441905871i,-0.036745358908612-0.190932501450724i,0.190079820242502-0.027545524689332i,0.018589639640422+0.188015448791631i,-0.184640504868611+0.010282557183832i,-0.001811358280185-0.179252813688516i,0.170818560666471+0.009273548947979i,-0.026225008592505+0.158830195509307i,-0.144223331918977-0.050588194682752i,0.078933570754352-0.129730555643032i,0.119388840544726+0.100680232292292i,-0.09855928752782+0.114309476386422i,-0.10212763669634-0.070970725437507i,0.0509914081663744-0.0879932775815086i,0.085639228867438+0.0396596388728593i,-0.0292142923205446+0.0911347910012458i,-0.0997649703419125-0.0191202679161742i,0.010894083973742-0.108767828438418i,0.116181679479428+0.005504717628589i,-0.003091096488026+0.120073750387251i,-0.118750738158088-0.003540020969322i,0.006600072114666-0.111537844938973i,NA,NA,NA,NA,NA
NA,NA,NA,NA,NA,-0.022812680160493-0.195291328185709i,0.185286755046244-0.029104642056707i,0.028665293305717+0.180630993840205i,-0.179630357413837+0.024456518354573i,-0.019058740321354-0.179713753792889i,0.178845178114926-0.014262132087087i,0.010553940245552+0.175812099162678i,-0.169995706647929+0.00713393498335i,-0.00220426587986-0.161254839992455i,0.150010566084159+0.006584211745735i,-0.021282565162065+0.137340274039477i,-0.124838169529073-0.042271583979415i,0.066681738675218-0.11421176166183i,0.106955874764027+0.087749501657969i,-0.097613127412931+0.103909597536946i,-0.104659404022064-0.093634297052904i,0.079939720444601-0.109276597898081i,0.118835928477385+0.061538291803782i,-0.041977989286674+0.132621290263825i,-0.147773314500713-0.024160043014136i,0.010209807517262-0.160836951321794i,0.168798373680305+0.001069381285183i,0.003502869829319+0.169737393788331i,-0.163148104649536+0.004383191650274i,-0.002625923037906-0.149828365323843i,NA,NA,NA,NA,NA
NA,NA,NA,NA,NA,0.003508689169787-0.172666466628618i,0.1646070181005-0.004723144945595i,0.006337171890895+0.162336857249943i,-0.164053747235985+0.003499658658967i,-0.000023328755072-0.166145710086053i,0.16601369615658+0.001238240732581i,-0.000050226404783+0.16226535793794i,-0.154184785191622+0.001878557332874i,-0.001883956306837-0.141864754570899i,0.126455901241709+0.003022526770212i,-0.015460074676958+0.110165480211803i,-0.0959781821506476-0.0367467598937728i,0.0657724876204493-0.0867920810315038i,0.0838873566048016+0.0969969975881253i,-0.119909852673072+0.087507596009994i,-0.098567763045563-0.125976848581826i,0.113948390404469-0.117301172412543i,0.142760075421461+0.08863594437321i,-0.058079501851669+0.171704980431489i,-0.199179760457996-0.028992705890987i,0.005505438833668-0.220616688462817i,0.232016193074431-0.010647613323573i,0.020182403558066+0.231423353324187i,-0.21952212360215+0.024611498577389i,-0.025320130619849-0.198447924044799i,NA,NA,NA,NA,NA
NA,NA,NA,NA,NA,NA,0.128798120493993+0.010352680057718i,-0.010429074930601+0.133732835575862i,-0.144156383628527-0.017383421691034i,0.022407217852011-0.151557404476473i,0.153778550303203+0.020313360768035i,-0.012731648842612+0.150192366008267i,-0.139667558147711-0.003395463713348i,-0.003597642398992-0.122055928199138i,0.099034603994064-0.0037859255262198i,-0.0071458592118166+0.0740458075768084i,-0.0525518910320809-0.0318651595199664i,0.0714581905323367-0.0427428613149323i,0.047548628843987+0.12507756007992i,-0.171322719389442+0.058597121928221i,-0.079821028843531-0.187629844799695i,0.171679604476229-0.114221393894494i,0.162238868222388+0.130093050314158i,-0.080804344510943+0.215641191832757i,-0.262519692711045-0.033152822639035i,-0.006384539695178-0.298876443968933i,0.316177125241645-0.033076995800228i,0.050499504340539+0.312209931906136i,-0.291501736422365+0.061056909843361i,NA,NA,NA,NA,NA,NA
NA,NA,NA,NA,NA,NA,0.066000880373493+0.0121162599728341i,-0.0179192250805745+0.0904307420960411i,-0.124179505061375-0.048790219192898i,0.059616971412315-0.13692469914264i,0.143401383893998+0.048807527896079i,-0.029087682277264+0.142728555138538i,-0.130137674931443-0.007389078705576i,-0.011152512540813-0.103968518989672i,0.0667216644914728-0.0198003974561638i,0.0091980667152231+0.0228716661554357i,0.0240915471119931-0.0265055846647978i,0.0777506039463929+0.0591702047082433i,-0.017750808788231+0.181863937672288i,-0.288952815309012-0.008526792794481i,-0.035978523463919-0.315584298384298i,0.298515019294383-0.094361346296212i,0.18614910171018+0.206222458212806i,-0.134640198102608+0.291955290755764i,-0.35125745584872-0.051872568524103i,-0.024380481460761-0.427031392560125i,0.443866068031486-0.061982029708754i,0.094599224042294+0.423252385215116i,-0.384537753504259+0.118485274543681i,NA,NA,NA,NA,NA,NA
NA,NA,NA,NA,NA,NA,-0.0695741255026584+0.0253082763938024i,-0.085194769703899-0.11565202900241i,-0.064302952778819-0.171894172734595i,0.136558907865762-0.099039162211766i,0.12904284337201+0.094659472838102i,-0.051192740632018+0.145764553047164i,-0.135639092732604-0.009595957691586i,-0.0294066175181484-0.09428306689882i,0.028451218567184-0.0597317825586811i,0.0588918303305127-0.0469427862022837i,0.134560196129656-0.039358430928033i,0.186592717606712+0.291505849308616i,-0.345346516127839+0.35713783076179i,-0.467877915066292-0.252508797076896i,0.021429611042812-0.573478509943547i,0.577766594366687-0.112356928940277i,0.4106697280921+0.49257029263722i,-0.352636490240997+0.500793504470593i,-0.581364258732032-0.269959366331013i,0.078042072501451-0.656689123978088i,0.615682541411308-0.053929318115283i,0.143029389901292+0.559057635864619i,-0.493138237036455+0.204674465343773i,NA,NA,NA,NA,NA,NA
NA,NA,NA,NA,NA,NA,-0.195270028239707+0.067251890257614i,-0.174168496180353-0.15863909028082i,0.078411012627707-0.243827516813084i,0.234796803770998-0.010821150020703i,0.10855470816329+0.145664799542842i,-0.073191210358179+0.193198459513017i,-0.19803746884557-0.013687772074847i,-0.051592833023252-0.12383759039038i,-0.015799037784634-0.12978646616477i,0.176092955764292-0.186724360941016i,0.384864834281091+0.06216241692382i,0.170947870926633+0.563321980937651i,-0.554735798110985+0.407156189113557i,-0.673256670929717-0.455187720902671i,0.22358789918804-0.873958586393602i,0.910936886491608-0.115763947857574i,0.417143263844602+0.774803107214791i,-0.575148066043665+0.602349336976506i,-0.709516529488047-0.36673848266638i,0.15504867221227-0.752594919225813i,0.732025424656016-0.041037959000198i,0.204109704910504+0.665164896571657i,-0.570336080916837+0.330740085202499i,NA,NA,NA,NA,NA,NA
NA,NA,NA,NA,NA,NA,NA,-0.210202414515045-0.296763261885806i,0.175048882778942-0.316716344343943i,0.379803368994612-0.008190098127261i,0.251670912433714+0.312858304003812i,-0.150871284259357+0.381157484659427i,-0.426230528541313-0.004864628733407i,-0.224426517596556-0.387776211301035i,0.134531658239684-0.346192314851225i,0.364067870696375-0.054164503904282i,0.473423433426299+0.399775916986684i,-0.12562519551467+0.726785727643177i,-0.769508715240176+0.193228513086828i,-0.572700947883151-0.721627930503294i,0.403050063871076-0.867220423505635i,0.944138773792155+0.029142909832901i,0.313907048498486+0.865186647619368i,-0.679310852220941+0.575764888226726i,-0.738777034905882-0.437940206388881i,0.180421273821008-0.805833724651188i,0.788497932858425-0.066285183371708i,0.284450076058327+0.701739447590634i,NA,NA,NA,NA,NA,NA,NA
NA,NA,NA,NA,NA,NA,NA,-0.040084167211466-0.420208784893779i,0.306839973861035-0.308276752279313i,0.457433814667339+0.097179241107989i,0.143538801338711+0.456962723711528i,-0.350913409929481+0.541932418746749i,-0.640230504164761-0.026583856904483i,-0.299157308662282-0.571261746563477i,0.354719468643648-0.558753784058599i,0.712726812930474+0.025559679376843i,0.4153231579333+0.683991463668792i,-0.376289399096399+0.767072056564568i,-0.886260029492626+0.042262892953208i,-0.452964366051544-0.790175410349313i,0.515651042020741-0.763153183330042i,0.906106459900955+0.143014389146224i,0.232792570468439+0.874375700216069i,-0.704304428733116+0.540749579126716i,-0.741039006724399-0.449937980648838i,0.165205970425177-0.819686747142773i,0.785316254212463-0.11149574952806i,0.355915557443716+0.664099236371579i,NA,NA,NA,NA,NA,NA,NA
NA,NA,NA,NA,NA,NA,NA,0.129935746826126-0.588536557762767i,0.539050734797019-0.373127636453589i,0.609202946026376+0.230948796682665i,0.144014190834708+0.659101510555682i,-0.489328153361748+0.513648406435346i,-0.726500776060823-0.117319558238854i,-0.309488760520021-0.68817971573773i,0.427790838552207-0.647900837161504i,0.805249900364869+0.025377567874293i,0.408656223169331+0.734100279792419i,-0.450540448709546+0.747366726693137i,-0.892467781083492-0.041292680986991i,-0.375902752422089-0.814714624537501i,0.551080521955491-0.697674976101198i,0.857569039473017+0.178964764709964i,0.211520482538957+0.835761920936961i,-0.655083882594268+0.540986317241143i,-0.755298495532418-0.3678118043243i,0.059182940774327-0.829994915775486i,0.641380596270649-0.170806607463792i,0.41815131944259+0.501928688922044i,NA,NA,NA,NA,NA,NA,NA
NA,NA,NA,NA,NA,NA,NA,NA,0.627545449120623-0.307357477554399i,0.635666742106235+0.327119878582297i,0.108805540801919+0.722382628270015i,-0.540416396327847+0.517508436408044i,-0.751532350868156-0.153484794786852i,-0.301693581687696-0.725680188377289i,0.44992715743534-0.667405464309389i,0.824633497034368+0.018491931100655i,0.430454178137083+0.729725789395163i,-0.426191103742327+0.764861725776628i,-0.900681437377049-0.037847060539292i,-0.338828820515592-0.801305807742364i,0.527184671399588-0.648144384514477i,0.794259932634665+0.152177814340835i,0.233455948571833+0.746527702051651i,-0.527689391860298+0.539248919027374i,-0.692025112136346-0.202195647896931i,-0.120811388998473-0.655729497219853i,0.490355709185106-0.331648496009134i,NA,NA,NA,NA,NA,NA,NA,NA
NA,NA,NA,NA,NA,NA,NA,NA,0.644185798704179-0.269245634776947i,0.615828093626408+0.364397089495395i,0.073941214485199+0.728310726471965i,-0.557788546019344+0.498992386639985i,-0.746215008191951-0.167326185879147i,-0.296831141337235-0.721543875119052i,0.434529941538123-0.663276380053693i,0.79998336435342-0.008240672042465i,0.443699418489337+0.662187850522066i,-0.313402898081252+0.70872706229798i,-0.721468359425787+0.061770664645471i,-0.355592878532754-0.625111822450516i,0.395401217549416-0.613612372432274i,0.709265553221083+0.06274025121689i,0.263735073984506+0.614968663931911i,-0.375360332356229+0.494862430706789i,-0.573455195146184-0.068096127047749i,-0.213526871789095-0.502398209338999i,0.408134339626083-0.25457480291952i,NA,NA,NA,NA,NA,NA,NA,NA
NA,NA,NA,NA,NA,NA,NA,NA,0.644657015982306-0.224394006429427i,0.580941215690342+0.384046812067713i,0.046350534994715+0.708570346408105i,-0.549114806008117+0.472555970655214i,-0.722026853098596-0.16283605998896i,-0.298705292114163-0.695194814938852i,0.403902870700031-0.65620155039512i,0.774890792533141-0.036313711034144i,0.454965351121528+0.618555425815118i,-0.26257470185317+0.70045395182258i,-0.706523451912781+0.149906133706592i,-0.484426034919631-0.501213397123055i,0.166061444563505-0.652995153066525i,0.63884404995871-0.167496380226034i,0.24584070756113+0.43545347706815i,-0.225023959440389+0.375117854399372i,-0.378846748019737-0.000538709950012i,-0.153342392125507-0.28123757774332i,0.178960537266212-0.213106035204255i,NA,NA,NA,NA,NA,NA,NA,NA
NA,NA,NA,NA,NA,NA,NA,NA,NA,0.531658680967849+0.396140529055118i,0.018703145552446+0.669388071772221i,-0.519485308916794+0.433694420492313i,-0.672022454742261-0.142576057728483i,-0.308045772930954-0.636818268096313i,0.353560498883219-0.659194168897662i,0.771596291030234-0.063188045384394i,0.47056533469924+0.594384409762121i,-0.207467325711122+0.696897058987702i,-0.650424861243662+0.225670786721625i,-0.527272776288461-0.364275241496596i,-0.021046838096651-0.579638084805756i,0.390570058326347-0.314463198731098i,0.368984400974733+0.058887120660925i,-0.012765080610811+0.191391700351654i,-0.175382568741111+0.0513885820519i,-0.116130562721433-0.133003180372814i,NA,NA,NA,NA,NA,NA,NA,NA,NA
NA,NA,NA,NA,NA,NA,NA,NA,NA,0.469491288459493+0.409176424226419i,-0.021405859151582+0.619784530686921i,-0.491492771842074+0.368598170519798i,-0.584406715000335-0.154847414968162i,-0.221731482662002-0.548098016411705i,0.33417884835334-0.489506585003206i,0.639801065617444-0.002359191721784i,0.411725214571199+0.519114103481602i,-0.149840948361493+0.634546215423636i,-0.561609878974126+0.258213026064871i,-0.502076685215974-0.256693578864261i,-0.103109611932245-0.480833407514596i,0.244059338319173-0.321017818438355i,0.301709384072651-0.024122078236088i,0.145906936592924+0.146012623065362i,-0.022293890369693+0.133378651408797i,-0.0881107225269465+0.0322511334983959i,NA,NA,NA,NA,NA,NA,NA,NA,NA
NA,NA,NA,NA,NA,NA,NA,NA,NA,NA,-0.061500558345206+0.583871408856131i,-0.483863739946404+0.324268527959881i,-0.553911146001108-0.165543652768557i,-0.221476447512368-0.531616527174723i,0.272921384416744-0.508774629181289i,0.570918846537839-0.112610007083518i,0.454325509269024+0.371205432608678i,-0.001567267967126+0.587935938218492i,-0.462757040826001+0.33751326742094i,-0.471862323279517-0.170063167432423i,-0.122749653508449-0.391872699295532i,0.146483537537505-0.243790870687205i,0.186257201719839-0.084818539958766i,0.171532750104327+0.034354336065452i,0.098552387130102+0.123347042746945i,NA,NA,NA,NA,NA,NA,NA,NA,NA,NA
NA,NA,NA,NA,NA,NA,NA,NA,NA,NA,-0.08411551384163+0.552567419168378i,-0.464604176460881+0.300871003118564i,-0.527030547236313-0.144551449587152i,-0.241903292068003-0.481257766793046i,0.188705614764251-0.495044270187108i,0.480436661040286-0.195964183066632i,0.460352976744025+0.203953226005984i,0.172754170466832+0.446036286878735i,-0.167118707993019+0.396378461082328i,-0.337460567193174+0.123825101583596i,-0.281914275126717-0.149070876389405i,-0.093276536477053-0.269420116684738i,0.099295040455974-0.229466726825344i,0.206333857917682-0.089231274521695i,0.200545870726054+0.073402636944266i,NA,NA,NA,NA,NA,NA,NA,NA,NA,NA
NA,NA,NA,NA,NA,NA,NA,NA,NA,NA,NA,-0.4280362988508+0.257967735163711i,-0.464927179770523-0.129890622754762i,-0.221607310573938-0.412504674588063i,0.137093327709842-0.431078414466624i,0.385513509188577-0.196067246670916i,0.389057244428517+0.124405105913411i,0.179976567745257+0.335374844989843i,-0.093704549563145+0.336854174803197i,-0.273586394757956+0.160978209785341i,-0.278229845016108-0.069743018406368i,-0.132841682033812-0.222841066091976i,0.060340502307379-0.226346258697341i,0.184402283355312-0.098748291931708i,NA,NA,NA,NA,NA,NA,NA,NA,NA,NA,NA
NA,NA,NA,NA,NA,NA,NA,NA,NA,NA,NA,-0.246366738473095+0.175027692375465i,-0.32619260728427-0.060748623587452i,-0.183522681580503-0.302321602987454i,0.121466073650157-0.325721183316782i,0.298126680749957-0.119694431892734i,0.278230262811924+0.112804279998816i,0.121065375880938+0.256373253930244i,-0.078118949912536+0.256897285684903i,-0.218358394047187+0.131135880921966i,-0.237593728246134-0.047933568482936i,-0.13433330417737-0.188697575368913i,0.034428207064537-0.219598908185477i,0.175195626982414-0.123418984885756i,NA,NA,NA,NA,NA,NA,NA,NA,NA,NA,NA
NA,NA,NA,NA,NA,NA,NA,NA,NA,NA,NA,NA,-0.149214009287042+0.063992547364977i,-0.110981649059418-0.046420970024638i,0.0114750468381276-0.0920760245240524i,0.119245226132951-0.0364819832289i,0.131156396566109+0.079585062702216i,0.044006241098771+0.159924839961966i,-0.068816186387703+0.152950966781837i,-0.147093939061402+0.08246641916002i,-0.173720569169627-0.020416293318957i,-0.132454580071463-0.130212662321626i,-0.018627732175447-0.197248253873379i,NA,NA,NA,NA,NA,NA,NA,NA,NA,NA,NA,NA
NA,NA,NA,NA,NA,NA,NA,NA,NA,NA,NA,NA,-0.0745229328013738+0.0746237373440744i,-0.0994850509979647+0.0041504249266709i,-0.0623210358142447-0.0699431751381776i,0.0425854205898929-0.084869016641284i,0.069812543100436+0.0982575870154112i,-0.055335026409813+0.115202835032019i,-0.097087216601831+0.0366956353568852i,-0.0265099696128643+0.0741796328871121i,-0.120876680683223+0.061890367736319i,-0.154645650618727-0.047724069629517i,-0.090384913113977-0.15591728573502i,NA,NA,NA,NA,NA,NA,NA,NA,NA,NA,NA,NA
NA,NA,NA,NA,NA,NA,NA,NA,NA,NA,NA,NA,NA,-0.0787081500013901+0.0900406992400927i,-0.130370738574793+0.013359775134955i,-0.0935564010570124-0.0630918402528295i,-0.0108177173454225-0.0686023446904597i,0.0487108350096846-0.0024183910369284i,0.034062781699638+0.0892911216455185i,-0.056439946445495+0.129723045919467i,-0.1508761939453+0.069345202983283i,-0.166468124824996-0.051402743799601i,NA,NA,NA,NA,NA,NA,NA,NA,NA,NA,NA,NA,NA
NA,NA,NA,NA,NA,NA,NA,NA,NA,NA,NA,NA,NA,-0.0379647426818912-0.049185717627204i,-0.0563509636808351-0.051509716782507i,-0.0432471304874192-0.0625018619004008i,-0.0195432362688688-0.0651724077860366i,-0.0047308478039203-0.0563193134475887i,-0.0230982406738397-0.0469945166819162i,-0.087299803187093-0.0427858230728985i,-0.101359213131365-0.074205228398774i,-0.057637898994115-0.120776151576457i,NA,NA,NA,NA,NA,NA,NA,NA,NA,NA,NA,NA,NA
NA,NA,NA,NA,NA,NA,NA,NA,NA,NA,NA,NA,NA,NA,0.0532651217563119+0.0115749896977892i,0.0233508451547601+0.0415626937555024i,-0.0180218357840192+0.0472046364320674i,-0.055161503459731+0.0262936872405504i,-0.0734705536790927-0.0148295864393106i,-0.0634411718649236-0.0625101744725239i,-0.0244253560756218-0.0989768062844531i,NA,NA,NA,NA,NA,NA,NA,NA,NA,NA,NA,NA,NA,NA
NA,NA,NA,NA,NA,NA,NA,NA,NA,NA,NA,NA,NA,NA,NA,0.019332250699661+0.107300580674768i,-0.0602140632644862+0.0881859701612954i,-0.106791797592589+0.024981742594975i,-0.104139323871155-0.051122046441546i,-0.057458359475336-0.10981107208988i,NA,NA,NA,NA,NA,NA,NA,NA,NA,NA,NA,NA,NA,NA,NA
NA,NA,NA,NA,NA,NA,NA,NA,NA,NA,NA,NA,NA,NA,NA,NA,-0.156068421107787+0.039602014619034i,-0.148059866542667-0.066630568593772i,-0.087435461200425-0.141070806202248i,NA,NA,NA,NA,NA,NA,NA,NA,NA,NA,NA,NA,NA,NA,NA,NA
NA,NA,NA,NA,NA,NA,NA,NA,NA,NA,NA,NA,NA,NA,NA,NA,-0.091364575575292-0.142029267939278i,-0.048641286691539-0.175288853523665i,0.018263209369884-0.189589292307668i,NA,NA,NA,NA,NA,NA,NA,NA,NA,NA,NA,NA,NA,NA,NA,NA
NA,NA,NA,NA,NA,NA,NA,NA,NA,NA,NA,NA,NA,NA,NA,NA,NA,0.030144816371016-0.17588942688092i,NA,NA,NA,NA,NA,NA,NA,NA,NA,NA,NA,NA,NA,NA,NA,NA,NA
